num_slices,accuracy
3,0.5442622950819672
6,0.5901639344262295
9,0.6163934426229508
12,0.639344262295082
15,0.6573770491803279
18,0.6754098360655738
21,0.6704918032786885
24,0.6885245901639344
27,0.6754098360655738
30,0.6934426229508197
